query,value,category,season
clothing stores,100,clothing,Spring
clothing store,89,clothing,Spring
women clothing,44,clothing,Spring
womens clothing,38,clothing,Spring
mens clothing,37,clothing,Spring
stores near me,37,clothing,Spring
plus size clothing,36,clothing,Spring
clothing brands,34,clothing,Spring
clothing stores near me,32,clothing,Spring
men clothing,30,clothing,Spring
shein clothing,24,clothing,Spring
vintage clothing,18,clothing,Spring
cider,15,clothing,Spring
cider clothing,15,clothing,Spring
express,15,clothing,Spring
express clothing,14,clothing,Spring
clothing store near me,14,clothing,Spring
wholesale clothing,14,clothing,Spring
clothing rack,11,clothing,Spring
revolve clothing,9,clothing,Spring
end clothing,8,clothing,Spring
revolve,8,clothing,Spring
zara clothing,7,clothing,Spring
zara,7,clothing,Spring
vuori clothing,6,clothing,Spring
blouses women,100,blouses,Spring
womens blouses,85,blouses,Spring
blouses for women,64,blouses,Spring
blouse,44,blouses,Spring
white blouses,42,blouses,Spring
plus size blouses,37,blouses,Spring
blouses and tops,34,blouses,Spring
work blouses,32,blouses,Spring
amazon blouses,30,blouses,Spring
ladies blouses,28,blouses,Spring
long blouses,28,blouses,Spring
summer blouses,26,blouses,Spring
dress blouses,26,blouses,Spring
black blouses,26,blouses,Spring
womens tops,21,blouses,Spring
blouses for work,20,blouses,Spring
dressy blouses,20,blouses,Spring
macys,18,blouses,Spring
macys blouses,18,blouses,Spring
long sleeve blouses,18,blouses,Spring
short sleeve blouses,17,blouses,Spring
shein blouses,14,blouses,Spring
silk blouses,14,blouses,Spring
nordstrom blouses,13,blouses,Spring
nordstrom,13,blouses,Spring
denim jacket,100,denim,Spring
denim jeans,61,denim,Spring
shorts,59,denim,Spring
denim shorts,57,denim,Spring
denim dress,36,denim,Spring
denim shirt,34,denim,Spring
white denim,31,denim,Spring
denim blue,26,denim,Spring
denim skirt,26,denim,Spring
denim pants,20,denim,Spring
denim on denim,20,denim,Spring
denim top,12,denim,Spring
denim jumpsuit,11,denim,Spring
denim day,10,denim,Spring
denim bag,10,denim,Spring
black denim jacket,10,denim,Spring
what is denim,9,denim,Spring
denim shoes,9,denim,Spring
overalls,8,denim,Spring
denim overalls,8,denim,Spring
denim vest,7,denim,Spring
levis,7,denim,Spring
denim jackets,7,denim,Spring
mother denim,7,denim,Spring
white denim jacket,7,denim,Spring
dress,100,dresses,Spring
wedding dresses,79,dresses,Spring
prom dresses,78,dresses,Spring
prom,76,dresses,Spring
women dresses,45,dresses,Spring
dresses for women,37,dresses,Spring
formal dresses,37,dresses,Spring
plus size dresses,35,dresses,Spring
summer dresses,29,dresses,Spring
white dresses,29,dresses,Spring
black dresses,29,dresses,Spring
long dresses,27,dresses,Spring
dresses near me,25,dresses,Spring
bridesmaid dresses,23,dresses,Spring
dresses for wedding,20,dresses,Spring
shein dresses,20,dresses,Spring
wedding guest dresses,18,dresses,Spring
bridal dresses,17,dresses,Spring
maxi dresses,17,dresses,Spring
girls dresses,16,dresses,Spring
short dresses,16,dresses,Spring
amazon dresses,16,dresses,Spring
macys dresses,15,dresses,Spring
prom dress,15,dresses,Spring
cocktail dresses,15,dresses,Spring
black pants,100,pants,Spring
mens pants,92,pants,Spring
cargo pants,85,pants,Spring
dress pants,81,pants,Spring
white pants,72,pants,Spring
work pants,44,pants,Spring
pants for women,34,pants,Spring
yoga pants,34,pants,Spring
leather pants,31,pants,Spring
khaki pants,31,pants,Spring
nike pants,31,pants,Spring
linen pants,30,pants,Spring
green pants,30,pants,Spring
wide leg pants,28,pants,Spring
pants for men,26,pants,Spring
dickies,23,pants,Spring
baseball pants,23,pants,Spring
dickies pants,23,pants,Spring
brown pants,22,pants,Spring
golf pants,18,pants,Spring
flare pants,16,pants,Spring
adidas pants,15,pants,Spring
sweat pants,15,pants,Spring
capri pants,14,pants,Spring
pajama pants,13,pants,Spring
mens shirts,100,shirts,Spring
men shirts,74,shirts,Spring
dress shirts,62,shirts,Spring
polo shirts,60,shirts,Spring
polo,57,shirts,Spring
tee shirts,49,shirts,Spring
white shirts,48,shirts,Spring
long sleeve shirts,45,shirts,Spring
shirts for men,43,shirts,Spring
custom shirts,41,shirts,Spring
t shirt,39,shirts,Spring
shirts for women,31,shirts,Spring
work shirts,28,shirts,Spring
golf shirts,27,shirts,Spring
nike shirts,26,shirts,Spring
vintage shirts,19,shirts,Spring
button down shirts,19,shirts,Spring
red shirts,18,shirts,Spring
disney shirts,18,shirts,Spring
button up shirts,18,shirts,Spring
mens t shirts,17,shirts,Spring
custom t shirts,16,shirts,Spring
summer shirts,15,shirts,Spring
hawaiian shirts,14,shirts,Spring
mens dress shirts,14,shirts,Spring
mens shorts,100,shorts,Spring
nike shorts,83,shorts,Spring
men shorts,70,shorts,Spring
shorts women,70,shorts,Spring
womens shorts,66,shorts,Spring
black shorts,54,shorts,Spring
jean shorts,49,shorts,Spring
short shorts,48,shorts,Spring
white shorts,46,shorts,Spring
youtube shorts,33,shorts,Spring
biker shorts,31,shorts,Spring
cargo shorts,31,shorts,Spring
swim shorts,30,shorts,Spring
denim shorts,29,shorts,Spring
girls shorts,24,shorts,Spring
lululemon,23,shorts,Spring
lululemon shorts,23,shorts,Spring
shorts for men,22,shorts,Spring
running shorts,21,shorts,Spring
shorts for women,21,shorts,Spring
pink shorts,20,shorts,Spring
bike shorts,19,shorts,Spring
basketball shorts,19,shorts,Spring
athletic shorts,17,shorts,Spring
green shorts,17,shorts,Spring
long skirts,100,skirts,Spring
skirts women,95,skirts,Spring
skirt,86,skirts,Spring
skirts for women,68,skirts,Spring
side skirts,63,skirts,Spring
dresses,55,skirts,Spring
summer skirts,53,skirts,Spring
short skirts,38,skirts,Spring
black skirts,37,skirts,Spring
girls skirts,35,skirts,Spring
mini skirts,35,skirts,Spring
white skirts,32,skirts,Spring
womens skirts,31,skirts,Spring
maxi skirts,28,skirts,Spring
shirts,28,skirts,Spring
tennis skirts,26,skirts,Spring
midi skirts,25,skirts,Spring
plus size skirts,23,skirts,Spring
amazon skirts,21,skirts,Spring
denim skirts,19,skirts,Spring
socks,19,skirts,Spring
cute skirts,19,skirts,Spring
jean skirts,19,skirts,Spring
bed skirts,18,skirts,Spring
outfits,17,skirts,Spring
sweater,100,sweaters,Spring
womens sweaters,60,sweaters,Spring
women sweaters,59,sweaters,Spring
mens sweaters,56,sweaters,Spring
cardigan,54,sweaters,Spring
cardigan sweaters,54,sweaters,Spring
men sweaters,43,sweaters,Spring
sweaters for women,39,sweaters,Spring
best sweaters,32,sweaters,Spring
black sweaters,29,sweaters,Spring
long sweaters,29,sweaters,Spring
cashmere sweaters,27,sweaters,Spring
white sweaters,27,sweaters,Spring
amazon sweaters,26,sweaters,Spring
summer sweaters,24,sweaters,Spring
wool sweaters,22,sweaters,Spring
sweaters for men,22,sweaters,Spring
knit sweaters,21,sweaters,Spring
dog sweaters,20,sweaters,Spring
cotton sweaters,20,sweaters,Spring
dress sweaters,19,sweaters,Spring
nike sweaters,18,sweaters,Spring
girls sweaters,17,sweaters,Spring
cute sweaters,16,sweaters,Spring
blue sweaters,16,sweaters,Spring
sweatshirt,100,sweatshirts,Spring
nike,66,sweatshirts,Spring
nike sweatshirts,66,sweatshirts,Spring
mens sweatshirts,53,sweatshirts,Spring
sweatshirts women,51,sweatshirts,Spring
womens sweatshirts,49,sweatshirts,Spring
hoodie,38,sweatshirts,Spring
sweatshirts men,35,sweatshirts,Spring
custom sweatshirts,35,sweatshirts,Spring
hoodies,34,sweatshirts,Spring
best sweatshirts,32,sweatshirts,Spring
sweatshirts for women,31,sweatshirts,Spring
vintage sweatshirts,29,sweatshirts,Spring
cute sweatshirts,27,sweatshirts,Spring
college sweatshirts,26,sweatshirts,Spring
amazon sweatshirts,24,sweatshirts,Spring
crewneck sweatshirts,24,sweatshirts,Spring
black sweatshirts,22,sweatshirts,Spring
sweatshirts for men,21,sweatshirts,Spring
hooded sweatshirts,20,sweatshirts,Spring
white sweatshirts,20,sweatshirts,Spring
sweatshirts near me,20,sweatshirts,Spring
university sweatshirts,19,sweatshirts,Spring
girls sweatshirts,18,sweatshirts,Spring
graphic sweatshirts,17,sweatshirts,Spring
clothing stores,100,clothing,Summer
clothing store,96,clothing,Summer
clothing near me,91,clothing,Summer
clothes,49,clothing,Summer
mens clothing,41,clothing,Summer
clothing stores near me,39,clothing,Summer
women clothing,37,clothing,Summer
womens clothing,37,clothing,Summer
clothing brands,35,clothing,Summer
plus size clothing,33,clothing,Summer
men clothing,31,clothing,Summer
shein clothing,30,clothing,Summer
kids clothing,24,clothing,Summer
vintage clothing,22,clothing,Summer
cider clothing,20,clothing,Summer
cider,20,clothing,Summer
clothing store near me,18,clothing,Summer
wholesale clothing,13,clothing,Summer
girls clothing,13,clothing,Summer
express clothing,12,clothing,Summer
clothing rack,12,clothing,Summer
end clothing,9,clothing,Summer
boys clothing,8,clothing,Summer
vuori clothing,8,clothing,Summer
zara,8,clothing,Summer
women blouses,100,blouses,Summer
womens blouses,77,blouses,Summer
tops,71,blouses,Summer
blouses for women,70,blouses,Summer
white blouses,49,blouses,Summer
blouse,47,blouses,Summer
plus size blouses,40,blouses,Summer
blouses and tops,39,blouses,Summer
shirts,37,blouses,Summer
work blouses,37,blouses,Summer
amazon blouses,31,blouses,Summer
ladies blouses,31,blouses,Summer
dress blouses,26,blouses,Summer
black blouses,24,blouses,Summer
summer blouses,24,blouses,Summer
long sleeve blouses,21,blouses,Summer
blouses for work,21,blouses,Summer
womens tops,21,blouses,Summer
dressy blouses,20,blouses,Summer
short sleeve blouses,18,blouses,Summer
macys,18,blouses,Summer
macys blouses,18,blouses,Summer
shein blouses,16,blouses,Summer
cotton blouses,14,blouses,Summer
cute blouses,14,blouses,Summer
denim jacket,100,denim,Summer
denim shorts,85,denim,Summer
jeans,71,denim,Summer
denim jeans,70,denim,Summer
denim dress,50,denim,Summer
denim shirt,42,denim,Summer
denim skirt,41,denim,Summer
white denim,41,denim,Summer
blue denim,36,denim,Summer
denim pants,26,denim,Summer
denim top,16,denim,Summer
jumpsuit,14,denim,Summer
denim jumpsuit,14,denim,Summer
denim bag,14,denim,Summer
denim vest,12,denim,Summer
what is denim,11,denim,Summer
denim shirts,11,denim,Summer
denim overalls,11,denim,Summer
black denim jacket,11,denim,Summer
levis,10,denim,Summer
denim romper,10,denim,Summer
zara,9,denim,Summer
white denim jacket,8,denim,Summer
denim dresses,8,denim,Summer
denim jackets,8,denim,Summer
wedding dresses,100,dresses,Summer
women dresses,39,dresses,Summer
summer dresses,33,dresses,Summer
dresses for women,33,dresses,Summer
plus size dresses,31,dresses,Summer
formal dresses,28,dresses,Summer
black dresses,27,dresses,Summer
white dresses,25,dresses,Summer
bridesmaid dresses,25,dresses,Summer
long dresses,25,dresses,Summer
guest wedding dresses,24,dresses,Summer
dresses for wedding,21,dresses,Summer
wedding dress,20,dresses,Summer
dresses near me,20,dresses,Summer
shein dresses,18,dresses,Summer
amazon dresses,17,dresses,Summer
homecoming dresses,16,dresses,Summer
bridal dresses,16,dresses,Summer
prom dresses,15,dresses,Summer
blue dresses,15,dresses,Summer
cocktail dresses,15,dresses,Summer
short dresses,14,dresses,Summer
womens dresses,14,dresses,Summer
mother of bride dresses,13,dresses,Summer
maxi dresses,13,dresses,Summer
cargo pants,100,pants,Summer
black pants,95,pants,Summer
the pants,94,pants,Summer
mens pants,89,pants,Summer
dress pants,77,pants,Summer
white pants,75,pants,Summer
work pants,48,pants,Summer
jeans,47,pants,Summer
linen pants,41,pants,Summer
khaki pants,40,pants,Summer
pants for women,34,pants,Summer
yoga pants,33,pants,Summer
green pants,30,pants,Summer
wide leg pants,29,pants,Summer
nike pants,28,pants,Summer
dickies pants,25,pants,Summer
dickies,25,pants,Summer
leather pants,24,pants,Summer
brown pants,23,pants,Summer
red pants,23,pants,Summer
boys pants,20,pants,Summer
flare pants,16,pants,Summer
pajama pants,15,pants,Summer
pants store,15,pants,Summer
golf pants,15,pants,Summer
mens shirts,100,shirts,Summer
men shirts,76,shirts,Summer
polo shirts,67,shirts,Summer
polo,67,shirts,Summer
white shirts,47,shirts,Summer
tee shirts,46,shirts,Summer
dress shirts,46,shirts,Summer
shirts for men,44,shirts,Summer
long sleeve shirts,40,shirts,Summer
womens shirts,40,shirts,Summer
custom shirts,37,shirts,Summer
golf shirts,32,shirts,Summer
work shirts,27,shirts,Summer
nike shirts,25,shirts,Summer
mens t shirts,18,shirts,Summer
red shirts,17,shirts,Summer
hawaiian shirts,17,shirts,Summer
school shirts,17,shirts,Summer
button up shirts,15,shirts,Summer
button down shirts,15,shirts,Summer
disney shirts,14,shirts,Summer
custom t shirts,14,shirts,Summer
jiffy shirts,13,shirts,Summer
cute shirts,12,shirts,Summer
tie dye shirts,12,shirts,Summer
mens shorts,100,shorts,Summer
nike shorts,73,shorts,Summer
men shorts,67,shorts,Summer
womens shorts,63,shorts,Summer
black shorts,56,shorts,Summer
white shorts,51,shorts,Summer
short shorts,49,shorts,Summer
jean shorts,46,shorts,Summer
youtube shorts,43,shorts,Summer
biker shorts,34,shorts,Summer
swim shorts,31,shorts,Summer
cargo shorts,30,shorts,Summer
lululemon shorts,29,shorts,Summer
denim shorts,28,shorts,Summer
lululemon,28,shorts,Summer
shorts for men,23,shorts,Summer
running shorts,23,shorts,Summer
boys shorts,22,shorts,Summer
shorts for women,21,shorts,Summer
pink shorts,20,shorts,Summer
bike shorts,20,shorts,Summer
golf shorts,19,shorts,Summer
green shorts,19,shorts,Summer
athletic shorts,18,shorts,Summer
basketball shorts,17,shorts,Summer
long skirts,100,skirts,Summer
skirts women,92,skirts,Summer
skirt,91,skirts,Summer
summer skirts,62,skirts,Summer
side skirts,54,skirts,Summer
skirts for women,53,skirts,Summer
dresses,45,skirts,Summer
short skirts,41,skirts,Summer
girls skirts,38,skirts,Summer
mini skirts,38,skirts,Summer
black skirts,36,skirts,Summer
white skirts,32,skirts,Summer
womens skirts,29,skirts,Summer
tennis skirts,26,skirts,Summer
maxi skirts,26,skirts,Summer
work skirts,24,skirts,Summer
midi skirts,24,skirts,Summer
socks,23,skirts,Summer
amazon skirts,22,skirts,Summer
denim skirts,20,skirts,Summer
plus size skirts,20,skirts,Summer
jean skirts,18,skirts,Summer
bed skirts,18,skirts,Summer
cute skirts,18,skirts,Summer
school skirts,18,skirts,Summer
sweater,100,sweaters,Summer
sweaters women,64,sweaters,Summer
womens sweaters,64,sweaters,Summer
cardigan,57,sweaters,Summer
cardigan sweaters,57,sweaters,Summer
mens sweaters,54,sweaters,Summer
sweaters for women,42,sweaters,Summer
sweaters men,38,sweaters,Summer
fall sweaters,31,sweaters,Summer
black sweaters,29,sweaters,Summer
long sweaters,28,sweaters,Summer
white sweaters,27,sweaters,Summer
knit sweaters,27,sweaters,Summer
cute sweaters,24,sweaters,Summer
cashmere sweaters,24,sweaters,Summer
christmas sweaters,23,sweaters,Summer
amazon sweaters,23,sweaters,Summer
girls sweaters,23,sweaters,Summer
wool sweaters,21,sweaters,Summer
sweaters for men,21,sweaters,Summer
shirts,21,sweaters,Summer
summer sweaters,19,sweaters,Summer
nike sweaters,19,sweaters,Summer
vintage sweaters,18,sweaters,Summer
plus size sweaters,18,sweaters,Summer
sweatshirt,100,sweatshirts,Summer
nike sweatshirts,64,sweatshirts,Summer
nike,64,sweatshirts,Summer
women sweatshirts,54,sweatshirts,Summer
womens sweatshirts,49,sweatshirts,Summer
mens sweatshirts,47,sweatshirts,Summer
hoodie,38,sweatshirts,Summer
sweatshirts men,36,sweatshirts,Summer
cute sweatshirts,35,sweatshirts,Summer
hoodies,35,sweatshirts,Summer
sweatshirts for women,35,sweatshirts,Summer
vintage sweatshirts,31,sweatshirts,Summer
custom sweatshirts,30,sweatshirts,Summer
best sweatshirts,30,sweatshirts,Summer
crewneck sweatshirts,25,sweatshirts,Summer
amazon sweatshirts,23,sweatshirts,Summer
white sweatshirts,22,sweatshirts,Summer
oversized sweatshirts,22,sweatshirts,Summer
black sweatshirts,22,sweatshirts,Summer
college sweatshirts,21,sweatshirts,Summer
graphic sweatshirts,21,sweatshirts,Summer
girls sweatshirts,19,sweatshirts,Summer
sweatshirts near me,19,sweatshirts,Summer
sweatshirts for men,19,sweatshirts,Summer
kids sweatshirts,17,sweatshirts,Summer
clothing store,100,clothing,Fall
clothing stores,97,clothing,Fall
clothing near me,88,clothing,Fall
clothes,55,clothing,Fall
mens clothing,48,clothing,Fall
clothing brands,41,clothing,Fall
womens clothing,39,clothing,Fall
men clothing,35,clothing,Fall
clothing stores near me,33,clothing,Fall
plus size clothing,30,clothing,Fall
shein clothing,30,clothing,Fall
kids clothing,27,clothing,Fall
amazon clothing,23,clothing,Fall
cider clothing,23,clothing,Fall
vintage clothing,22,clothing,Fall
clothing store near me,16,clothing,Fall
wholesale clothing,14,clothing,Fall
clothing rack,13,clothing,Fall
express clothing,13,clothing,Fall
end clothing,11,clothing,Fall
cuts clothing,9,clothing,Fall
zara clothing,9,clothing,Fall
vuori clothing,9,clothing,Fall
vuori,8,clothing,Fall
essentials clothing,8,clothing,Fall
women blouses,100,blouses,Fall
womens blouses,83,blouses,Fall
blouses for women,73,blouses,Fall
blouse,52,blouses,Fall
white blouses,46,blouses,Fall
plus size blouses,42,blouses,Fall
long blouses,39,blouses,Fall
ladies blouses,34,blouses,Fall
amazon blouses,34,blouses,Fall
black blouses,33,blouses,Fall
long sleeve blouses,29,blouses,Fall
work blouses,28,blouses,Fall
dressy blouses,24,blouses,Fall
womens tops,21,blouses,Fall
silk blouses,20,blouses,Fall
dresses,19,blouses,Fall
macys,18,blouses,Fall
blouses for work,18,blouses,Fall
macys blouses,18,blouses,Fall
shein blouses,15,blouses,Fall
fall blouses,15,blouses,Fall
blue blouses,14,blouses,Fall
red blouses,14,blouses,Fall
nordstrom blouses,13,blouses,Fall
nordstrom,13,blouses,Fall
denim jacket,100,denim,Fall
denim jeans,66,denim,Fall
black denim,45,denim,Fall
denim shirt,38,denim,Fall
denim dress,33,denim,Fall
denim skirt,29,denim,Fall
denim blue,26,denim,Fall
denim pants,24,denim,Fall
denim shorts,20,denim,Fall
denim on denim,19,denim,Fall
black denim jacket,12,denim,Fall
denim jumpsuit,11,denim,Fall
denim boots,11,denim,Fall
denim top,11,denim,Fall
denim bag,10,denim,Fall
jordan 1 denim,10,denim,Fall
denim vest,9,denim,Fall
what is denim,9,denim,Fall
mother denim,8,denim,Fall
denim overalls,8,denim,Fall
denim shoes,8,denim,Fall
mother,8,denim,Fall
mens denim jacket,8,denim,Fall
levis,8,denim,Fall
denim shirts,8,denim,Fall
dress,100,dresses,Fall
wedding dresses,93,dresses,Fall
women dresses,40,dresses,Fall
homecoming dresses,40,dresses,Fall
formal dresses,40,dresses,Fall
black dresses,35,dresses,Fall
long dresses,33,dresses,Fall
plus size dresses,30,dresses,Fall
dresses for women,30,dresses,Fall
guest wedding dresses,26,dresses,Fall
dresses near me,24,dresses,Fall
prom dresses,24,dresses,Fall
white dresses,23,dresses,Fall
bridesmaid dresses,22,dresses,Fall
fall dresses,20,dresses,Fall
wedding dress,19,dresses,Fall
cocktail dresses,18,dresses,Fall
shein dresses,18,dresses,Fall
shein,17,dresses,Fall
amazon dresses,17,dresses,Fall
girls dresses,16,dresses,Fall
blue dresses,16,dresses,Fall
short dresses,16,dresses,Fall
bridal dresses,16,dresses,Fall
long sleeve dresses,14,dresses,Fall
black pants,100,pants,Fall
cargo pants,91,pants,Fall
mens pants,90,pants,Fall
womens pants,64,pants,Fall
dress pants,60,pants,Fall
white pants,52,pants,Fall
leather pants,44,pants,Fall
shirt,41,pants,Fall
pajama pants,38,pants,Fall
nike pants,35,pants,Fall
work pants,31,pants,Fall
yoga pants,31,pants,Fall
green pants,30,pants,Fall
brown pants,27,pants,Fall
pants for women,27,pants,Fall
red pants,27,pants,Fall
khaki pants,26,pants,Fall
sweat pants,25,pants,Fall
wide leg pants,24,pants,Fall
corduroy pants,22,pants,Fall
flare pants,18,pants,Fall
dickies,17,pants,Fall
snow pants,17,pants,Fall
dickies pants,17,pants,Fall
plaid pants,16,pants,Fall
mens shirts,100,shirts,Fall
long sleeve shirts,69,shirts,Fall
polo,56,shirts,Fall
dress shirts,55,shirts,Fall
polo shirts,53,shirts,Fall
tee shirts,43,shirts,Fall
shirts for men,39,shirts,Fall
amazon shirts,38,shirts,Fall
custom shirts,36,shirts,Fall
flannel shirts,31,shirts,Fall
christmas shirts,30,shirts,Fall
shirts for women,26,shirts,Fall
halloween shirts,25,shirts,Fall
nike shirts,23,shirts,Fall
funny shirts,20,shirts,Fall
jiffy shirts,18,shirts,Fall
vintage shirts,18,shirts,Fall
golf shirts,18,shirts,Fall
disney shirts,17,shirts,Fall
mens t shirts,16,shirts,Fall
work shirts,15,shirts,Fall
button down shirts,15,shirts,Fall
button up shirts,14,shirts,Fall
target shirts,13,shirts,Fall
mens dress shirts,13,shirts,Fall
youtube shorts,100,shorts,Fall
mens shorts,69,shorts,Fall
nike shorts,61,shorts,Fall
black shorts,56,shorts,Fall
men shorts,48,shorts,Fall
short shorts,42,shorts,Fall
womens shorts,40,shorts,Fall
white shorts,37,shorts,Fall
jean shorts,24,shorts,Fall
blue shorts,23,shorts,Fall
lululemon,23,shorts,Fall
biker shorts,22,shorts,Fall
lululemon shorts,22,shorts,Fall
running shorts,21,shorts,Fall
basketball shorts,20,shorts,Fall
cargo shorts,18,shorts,Fall
booty shorts,16,shorts,Fall
pink shorts,16,shorts,Fall
shorts for men,16,shorts,Fall
red shorts,16,shorts,Fall
gym shorts,15,shorts,Fall
denim shorts,14,shorts,Fall
bike shorts,14,shorts,Fall
green shorts,14,shorts,Fall
boys shorts,14,shorts,Fall
skirt,100,skirts,Fall
skirts women,90,skirts,Fall
long skirts,58,skirts,Fall
side skirts,53,skirts,Fall
skirts for women,49,skirts,Fall
black skirts,47,skirts,Fall
mini skirts,46,skirts,Fall
short skirts,45,skirts,Fall
girls skirts,40,skirts,Fall
dresses,34,skirts,Fall
tree skirts,31,skirts,Fall
womens skirts,30,skirts,Fall
white skirts,29,skirts,Fall
amazon skirts,23,skirts,Fall
midi skirts,23,skirts,Fall
maxi skirts,23,skirts,Fall
plus size skirts,22,skirts,Fall
christmas skirts,22,skirts,Fall
denim skirts,20,skirts,Fall
tennis skirts,20,skirts,Fall
skirts near me,20,skirts,Fall
fall skirts,18,skirts,Fall
plaid skirts,17,skirts,Fall
bed skirts,17,skirts,Fall
jean skirts,17,skirts,Fall
sweater,100,sweaters,Fall
christmas sweaters,70,sweaters,Fall
women sweaters,64,sweaters,Fall
womens sweaters,58,sweaters,Fall
mens sweaters,45,sweaters,Fall
sweaters for women,34,sweaters,Fall
men sweaters,31,sweaters,Fall
ugly sweaters,25,sweaters,Fall
cardigan sweaters,24,sweaters,Fall
black sweaters,23,sweaters,Fall
amazon sweaters,22,sweaters,Fall
dog sweaters,22,sweaters,Fall
long sweaters,20,sweaters,Fall
fall sweaters,18,sweaters,Fall
cashmere sweaters,17,sweaters,Fall
ugly sweaters christmas,16,sweaters,Fall
cute sweaters,16,sweaters,Fall
white sweaters,15,sweaters,Fall
knit sweaters,14,sweaters,Fall
sweaters for men,14,sweaters,Fall
wool sweaters,14,sweaters,Fall
plus size sweaters,13,sweaters,Fall
winter sweaters,12,sweaters,Fall
dress sweaters,11,sweaters,Fall
target sweaters,11,sweaters,Fall
sweatshirt,100,sweatshirts,Fall
sweatshirts nike,67,sweatshirts,Fall
nike,66,sweatshirts,Fall
women sweatshirts,55,sweatshirts,Fall
womens sweatshirts,48,sweatshirts,Fall
mens sweatshirts,47,sweatshirts,Fall
sweatshirts men,32,sweatshirts,Fall
sweatshirts for women,31,sweatshirts,Fall
hoodies,31,sweatshirts,Fall
shirts,29,sweatshirts,Fall
amazon sweatshirts,27,sweatshirts,Fall
best sweatshirts,26,sweatshirts,Fall
cute sweatshirts,25,sweatshirts,Fall
christmas sweatshirts,25,sweatshirts,Fall
black sweatshirts,23,sweatshirts,Fall
vintage sweatshirts,22,sweatshirts,Fall
custom sweatshirts,21,sweatshirts,Fall
sweatshirts for men,20,sweatshirts,Fall
crewneck sweatshirts,19,sweatshirts,Fall
halloween sweatshirts,17,sweatshirts,Fall
hooded sweatshirts,17,sweatshirts,Fall
girls sweatshirts,17,sweatshirts,Fall
graphic sweatshirts,16,sweatshirts,Fall
walmart sweatshirts,15,sweatshirts,Fall
college sweatshirts,14,sweatshirts,Fall
clothing stores,100,clothing,Winter
clothing store,98,clothing,Winter
mens clothing,50,clothing,Winter
clothing brands,43,clothing,Winter
womens clothing,39,clothing,Winter
clothing stores near me,32,clothing,Winter
plus size clothing,30,clothing,Winter
shein clothing,29,clothing,Winter
kids clothing,25,clothing,Winter
vintage clothing,23,clothing,Winter
cider,19,clothing,Winter
cider clothing,18,clothing,Winter
clothing store near me,15,clothing,Winter
wholesale clothing,14,clothing,Winter
express,14,clothing,Winter
express clothing,13,clothing,Winter
clothing rack,12,clothing,Winter
vuori clothing,12,clothing,Winter
vuori,12,clothing,Winter
end clothing,11,clothing,Winter
essentials clothing,10,clothing,Winter
essentials,10,clothing,Winter
zara clothing,8,clothing,Winter
zara,8,clothing,Winter
garage clothing,7,clothing,Winter
women blouses,100,blouses,Winter
womens blouses,85,blouses,Winter
blouses for women,76,blouses,Winter
blouse,54,blouses,Winter
white blouses,43,blouses,Winter
plus size blouses,39,blouses,Winter
tops and blouses,39,blouses,Winter
amazon blouses,33,blouses,Winter
ladies blouses,31,blouses,Winter
black blouses,30,blouses,Winter
dress blouses,28,blouses,Winter
work blouses,28,blouses,Winter
long sleeve blouses,26,blouses,Winter
dressy blouses,24,blouses,Winter
womens tops,21,blouses,Winter
silk blouses,20,blouses,Winter
red blouses,18,blouses,Winter
blouses for work,17,blouses,Winter
shein blouses,17,blouses,Winter
shein,17,blouses,Winter
macys blouses,17,blouses,Winter
shirts and blouses,13,blouses,Winter
blue blouses,13,blouses,Winter
short sleeve blouses,13,blouses,Winter
pink blouses,12,blouses,Winter
denim jacket,100,denim,Winter
denim jeans,81,denim,Winter
jeans,75,denim,Winter
black denim,43,denim,Winter
denim skirt,39,denim,Winter
denim shirt,38,denim,Winter
blue denim,35,denim,Winter
denim dress,33,denim,Winter
mens denim,27,denim,Winter
denim pants,27,denim,Winter
denim shorts,26,denim,Winter
white denim,25,denim,Winter
denim on denim,21,denim,Winter
denim jumpsuit,15,denim,Winter
denim top,14,denim,Winter
denim bag,13,denim,Winter
denim boots,13,denim,Winter
black denim jacket,12,denim,Winter
denim outfit,11,denim,Winter
zara,10,denim,Winter
mother denim,10,denim,Winter
pink denim,9,denim,Winter
what is denim,9,denim,Winter
denim jacket mens,9,denim,Winter
denim shoes,9,denim,Winter
dress,100,dresses,Winter
wedding dresses,83,dresses,Winter
prom dresses,69,dresses,Winter
prom,65,dresses,Winter
formal dresses,43,dresses,Winter
women dresses,41,dresses,Winter
dresses for women,34,dresses,Winter
long dresses,33,dresses,Winter
black dresses,32,dresses,Winter
plus size dresses,30,dresses,Winter
bridesmaid dresses,29,dresses,Winter
dresses near me,25,dresses,Winter
white dresses,25,dresses,Winter
bridal dresses,19,dresses,Winter
wedding dress,19,dresses,Winter
blue dresses,18,dresses,Winter
shein dresses,17,dresses,Winter
shein,17,dresses,Winter
girls dresses,17,dresses,Winter
mother of bride dresses,16,dresses,Winter
wedding guest dresses,15,dresses,Winter
cocktail dresses,15,dresses,Winter
prom dress,15,dresses,Winter
amazon dresses,14,dresses,Winter
mother of the bride dresses,14,dresses,Winter
mens pants,100,pants,Winter
black pants,99,pants,Winter
cargo pants,93,pants,Winter
dress pants,56,pants,Winter
white pants,55,pants,Winter
leather pants,46,pants,Winter
jeans,43,pants,Winter
nike pants,40,pants,Winter
pajama pants,38,pants,Winter
snow pants,36,pants,Winter
work pants,34,pants,Winter
yoga pants,33,pants,Winter
pants for women,32,pants,Winter
green pants,30,pants,Winter
ski pants,29,pants,Winter
red pants,28,pants,Winter
sweat pants,25,pants,Winter
brown pants,24,pants,Winter
wide leg pants,24,pants,Winter
khaki pants,23,pants,Winter
flare pants,20,pants,Winter
corduroy pants,19,pants,Winter
dickies pants,19,pants,Winter
dickies,17,pants,Winter
adidas pants,17,pants,Winter
mens shirts,100,shirts,Winter
men shirts,68,shirts,Winter
long sleeve shirts,58,shirts,Winter
dress shirts,48,shirts,Winter
polo shirts,46,shirts,Winter
tee shirts,45,shirts,Winter
polo,43,shirts,Winter
black shirts,39,shirts,Winter
shirts for men,39,shirts,Winter
custom shirts,37,shirts,Winter
womens shirts,37,shirts,Winter
christmas shirts,29,shirts,Winter
nike shirts,25,shirts,Winter
flannel shirts,23,shirts,Winter
shirts for women,23,shirts,Winter
funny shirts,21,shirts,Winter
golf shirts,17,shirts,Winter
vintage shirts,17,shirts,Winter
mens t shirts,17,shirts,Winter
disney shirts,16,shirts,Winter
button down shirts,15,shirts,Winter
jiffy shirts,14,shirts,Winter
custom t shirts,13,shirts,Winter
button up shirts,13,shirts,Winter
mens dress shirts,11,shirts,Winter
shorts youtube,100,shorts,Winter
mens shorts,51,shorts,Winter
nike shorts,48,shorts,Winter
short shorts,35,shorts,Winter
men shorts,33,shorts,Winter
women shorts,32,shorts,Winter
black shorts,32,shorts,Winter
womens shorts,31,shorts,Winter
white shorts,24,shorts,Winter
jean shorts,20,shorts,Winter
basketball shorts,17,shorts,Winter
long shorts,15,shorts,Winter
lululemon,15,shorts,Winter
lululemon shorts,15,shorts,Winter
running shorts,14,shorts,Winter
swim shorts,14,shorts,Winter
denim shorts,14,shorts,Winter
gym shorts,13,shorts,Winter
cargo shorts,13,shorts,Winter
pink shorts,12,shorts,Winter
biker shorts,12,shorts,Winter
booty shorts,12,shorts,Winter
compression shorts,11,shorts,Winter
red shorts,11,shorts,Winter
boy shorts,11,shorts,Winter
skirt,100,skirts,Winter
side skirts,61,skirts,Winter
skirts long,59,skirts,Winter
skirts for women,49,skirts,Winter
mini skirts,47,skirts,Winter
short skirts,45,skirts,Winter
black skirts,43,skirts,Winter
girls skirts,37,skirts,Winter
dresses,35,skirts,Winter
womens skirts,29,skirts,Winter
white skirts,28,skirts,Winter
maxi skirts,24,skirts,Winter
tree skirts,24,skirts,Winter
midi skirts,23,skirts,Winter
denim skirts,23,skirts,Winter
plus size skirts,20,skirts,Winter
amazon skirts,20,skirts,Winter
bed skirts,19,skirts,Winter
jean skirts,18,skirts,Winter
skirts near me,17,skirts,Winter
tennis skirts,16,skirts,Winter
cute skirts,15,skirts,Winter
pencil skirts,15,skirts,Winter
leather skirts,14,skirts,Winter
girl skirts,14,skirts,Winter
sweater,100,sweaters,Winter
christmas sweaters,92,sweaters,Winter
mens sweaters,47,sweaters,Winter
ugly sweaters,47,sweaters,Winter
sweaters women,47,sweaters,Winter
womens sweaters,45,sweaters,Winter
ugly christmas sweaters,30,sweaters,Winter
men sweaters,27,sweaters,Winter
sweaters for women,24,sweaters,Winter
amazon sweaters,19,sweaters,Winter
dog sweaters,18,sweaters,Winter
christmas sweater,17,sweaters,Winter
cashmere sweaters,17,sweaters,Winter
black sweaters,17,sweaters,Winter
sweaters near me,15,sweaters,Winter
sweaters for men,14,sweaters,Winter
cute sweaters,13,sweaters,Winter
target sweaters,13,sweaters,Winter
white sweaters,13,sweaters,Winter
knit sweaters,12,sweaters,Winter
walmart sweaters,12,sweaters,Winter
wool sweaters,12,sweaters,Winter
ugly sweater,12,sweaters,Winter
macys sweaters,10,sweaters,Winter
ugly christmas sweater,10,sweaters,Winter
sweatshirt,100,sweatshirts,Winter
nike sweatshirts,69,sweatshirts,Winter
nike,67,sweatshirts,Winter
mens sweatshirts,53,sweatshirts,Winter
sweatshirts women,44,sweatshirts,Winter
womens sweatshirts,44,sweatshirts,Winter
sweatshirts men,34,sweatshirts,Winter
hoodie,33,sweatshirts,Winter
hoodies,30,sweatshirts,Winter
sweatshirts for women,29,sweatshirts,Winter
best sweatshirts,27,sweatshirts,Winter
amazon sweatshirts,25,sweatshirts,Winter
custom sweatshirts,24,sweatshirts,Winter
christmas sweatshirts,23,sweatshirts,Winter
cute sweatshirts,22,sweatshirts,Winter
sweatshirts for men,21,sweatshirts,Winter
vintage sweatshirts,21,sweatshirts,Winter
black sweatshirts,19,sweatshirts,Winter
crewneck sweatshirts,19,sweatshirts,Winter
sweatshirts near me,16,sweatshirts,Winter
graphic sweatshirts,15,sweatshirts,Winter
white sweatshirts,15,sweatshirts,Winter
girls sweatshirts,15,sweatshirts,Winter
hooded sweatshirts,15,sweatshirts,Winter
sweater,15,sweatshirts,Winter
